rank,url,url_classification,title,retrievals,citation_rate
10,https://www.logbatt.com/transport-crates/storage-container-leasing/,PRODUCT_PAGE,Vermietung von Gefahrgutboxen | SafetyBATTbox | LogBATT GmbH,123,1.46
15,https://www.logbatt.com/disposal/,HOW_TO_GUIDE,Lithium-ion battery disposal ✔ Professional & expert | LogBATT,96,1.64
17,https://www.logbatt.com/transport-crates/,PRODUCT_PAGE,Transport Crates for Lithium Batteries | LogBATT GmbH,88,1.14
24,https://www.logbatt.com/storage-containers/,PRODUCT_PAGE,Storage Containers for Lithium-Ion Batteries | LogBATT GmbH,78,1.24
25,https://www.logbatt.com/transport-crates/sale-of-storage-boxes-transport-boxes-hazardous-goods-containers/,PRODUCT_PAGE,Buy secure containers for dangerous goods | LogBATT GmbH,71,1.32
39,https://www.lagermax.com/en/services/battery-logistics,PRODUCT_PAGE,LogBATT | Battery Logistics for Lithium-Ion Batteries,50,2.88
60,https://www.lagermax.com/en/services/battery-logistics/storage-containers,PRODUCT_PAGE,LogBATT | Hazardous Materials Containers for Storing Lithium Batteries,36,1.11
71,https://www.logbatt.com/logistics/,PRODUCT_PAGE,Logistics for Lithium-Ion Batteries | LogBATT GmbH,33,1.45
88,https://www.logbatt.com/,HOMEPAGE,Comprehensive solution for battery logistics | LogBATT GmbH,26,0.88
102,https://www.logbatt.com/total-solution/,PRODUCT_PAGE,Total solution lithium batteries ✔ Professional & expert | LogBATT,23,0.43
146,https://www.logbatt.com/recycling-2/,PRODUCT_PAGE,Lithium Ion Battery Recycling ✔ Professional & expert | LogBATT,17,1.12
349,https://www.lagermax.com/en/services/battery-logistics/transport-crates,PRODUCT_PAGE,Containers for hazardous materials used to transport lithium batteries,6,1.33
516,https://www.logbatt.com/contact/,PROFILE,Contact | LogBATT GmbH,3,0.67
517,https://www.logbatt.com/transport-crates/safetybattbox-xl-2-2-2/,PRODUCT_PAGE,SafetyBATTbox XL 2.2 | LogBATT GmbH | LogBATT GmbH,3,0.0
680,https://www.lagermax.com/en/services/battery-logistics/360-grad-logistics,PRODUCT_PAGE,"LogBATT | 360° Battery Logistics – Transportation, Storage, Disposal, Recycling",2,1.0
692,https://www.logbatt.com/dangerous-goods-logistics/,PRODUCT_PAGE,Batteries Dangerous Goods Logistics ✔ Professional & expert | LogBATT,2,0.5
693,https://www.logbatt.com/storage-containers/safetybattbox-xl-storage/,PRODUCT_PAGE,SafetyBATTbox XL Storage | Certified storage containers | LogBATT GmbH | LogBATT GmbH,2,1.0
694,https://www.logbatt.de/gesamtloesung/,PRODUCT_PAGE,Gesamtlösung für Lithiumbatterien 🔋 | LogBATT GmbH,2,1.0
1266,https://www.lagermax.com/en/lagermax-group/lagermax-group-companies/logbatt,OTHER,Logbatt - battery logistics,1,1.0
1267,"https://www.lagermax.com/en/services/battery-logistics?utm_source=gemini#:~:text=Regardless%20of%20battery%20size%20or%20industry%3A%20LogBATT%2C,hazardous%20waste%20in%20waste%20management%20and%20recycling.",OTHER,LogBATT | Battery Logistics for Lithium-Ion Batteries,1,5.0
1323,https://www.logbatt.at/lagerbehaelter-de-at/,PRODUCT_PAGE,Lagerbehälter | LogBATT GmbH,1,0.0
1324,https://www.logbatt.com/2022/successful-research-project-with-karlsruhe-institut-of-technology-kit/,OTHER,SUCCESSFUL RESEARCH PROJECT WITH KARLSRUHE INSTITUT OF TECHNOLOGY (KIT) | LogBATT GmbH,1,0.0
1325,https://www.logbatt.com/2023/containment-for-conspicuous-and-damaged-lithium-batteries/,ARTICLE,Containment for conspicuous and damaged lithium batteries | LogBATT GmbH,1,0.0
1326,https://www.logbatt.com/2023/logbatt-fleet-in-europe/,OTHER,,1,0.0
1327,https://www.logbatt.com/2024/logbatt-expands-into-new-markets-successful-cooperation-with-febelauto-and-recupbat-in-belgium/,OTHER,LogBATT expands into new markets - successful cooperation with Febelauto and Recupbat in Belgium | LogBATT GmbH,1,0.0
1328,https://www.logbatt.com/2025/logbatt-website-now-available-in-multiple-languages/,OTHER,LogBATT website now available in multiple languages | LogBATT GmbH,1,0.0
1329,https://www.logbatt.com/2026/full-throttle-instead-of-slamming-on-the-brakes-michael-knobloch-touring-customers-in-april/,ARTICLE,Full throttle instead of slamming on the brakes – Michael Knobloch touring customers in April | LogBATT GmbH,1,0.0
1330,https://www.logbatt.com/development/,OTHER,Development | LogBATT GmbH,1,0.0
1331,"https://www.logbatt.com/disposal/?utm_source=gemini#:~:text=This%20is%20exactly%20what%20LogBATT%20is%20designed,emergency%20box%2C%20quarantine%20box%20or%20fire%2Dprotection%20container).",OTHER,Lithium-ion battery disposal ✔ Professional & expert | LogBATT,1,2.0
1332,https://www.logbatt.com/encyclopedia-for-dangerous-goods-logistics/,OTHER,Encyclopedia of Dangerous Goods Logistics | LogBATT GmbH,1,0.0
1333,https://www.logbatt.com/storage-containers/safetybattbox-m-storage/,OTHER,SafetyBATTbox M-Storage | certified storage containers | LogBATT GmbH | LogBATT GmbH,1,1.0
1334,https://www.logbatt.de/entsorgung/,PRODUCT_PAGE,Lithium-Ionen-Akku Entsorgung 🔋 | LogBATT GmbH,1,0.0
1335,https://www.logbatt.de/logistik/,PRODUCT_PAGE,Lithium-Ionen-Batterielogistik 🔋 | LogBATT GmbH,1,0.0
1336,https://www.logbatt.nl/contact/,PROFILE,Contact | LogBATT GmbH,1,0.0
