rank,url,domain,domain_classification,url_classification,title,mentioned,mentions,retrievals,retrieved_percentage,citation_rate
1,https://www.denios.co.uk/shop/cleaning-and-waste-disposal/container-for-lithium-ion-batteries/,denios.co.uk,COMPETITOR,CATEGORY_PAGE,Container for Lithium-ion Batteries DENIOS,False,"DENIOS, Zarges",225,0.172944,1.22
2,https://www.chemstore.co.uk/battery-transport-page/,chemstore.co.uk,COMPETITOR,PRODUCT_PAGE,Battery Transport Boxes - Chemstore UK,False,Chemstore,164,0.126057,1.05
3,https://conrail.co.uk/lithium-battery-storage-containers/,conrail.co.uk,CORPORATE,PRODUCT_PAGE,Lithium Battery Storage Containers for Hire & Sale UK | Conrail,False,,160,0.122982,1.48
4,https://www.cawleys.co.uk/lithium-batteries,cawleys.co.uk,CORPORATE,PRODUCT_PAGE,Professional Lithium Batteries Disposal Services,False,,158,0.121445,1.16
5,https://www.suez.co.uk/en-gb/our-offering/businesses/what-are-you-looking-for/recycling-and-waste-management/battery-recycling,suez.co.uk,CORPORATE,PRODUCT_PAGE,Lithium battery recycling | SUEZ in the UK,False,,156,0.119908,1.35
6,https://www.adrdirect.co.uk/lithium-battery-courier-uk,adrdirect.co.uk,CORPORATE,PRODUCT_PAGE,Lithium Battery Courier UK | ADR Direct,False,,155,0.119139,0.98
7,https://www.zarges.com/uk/battery-safety-boxes/,zarges.com,COMPETITOR,PRODUCT_PAGE,Battery safety boxes - ZARGES,False,Zarges,147,0.11299,1.33
8,https://www.airseadg.com/product/category/lithium-battery-packaging/lithium-battery-packaging-boxes,airseadg.com,COMPETITOR,CATEGORY_PAGE,UN Lithium Battery Boxes | 4G & 4DV Boxes | Air Sea Containers,False,Air Sea Containers,133,0.102229,1.27
9,https://recyclusgroup.com/lithium-battery-storage-and-transport/,recyclusgroup.com,CORPORATE,PRODUCT_PAGE,Lithium-Ion Battery Storage and Transport | Recyclus Group | LiBox,False,,133,0.102229,1.19
10,https://www.logbatt.com/transport-crates/storage-container-leasing/,logbatt.com,OWN,PRODUCT_PAGE,Vermietung von Gefahrgutboxen | SafetyBATTbox | LogBATT GmbH,True,LogBATT,123,0.094543,1.46
11,https://www.gov.uk/guidance/waste-batteries-appropriate-measures-for-permitted-facilities/4-waste-storage-and-handling-appropriate-measures,gov.uk,INSTITUTIONAL,HOW_TO_GUIDE,Waste batteries: appropriate measures for permitted facilities - 4. Waste storage and handling appropriate measures - Guidance - GOV.UK,False,,114,0.087625,1.65
12,https://oneillgmbh.co.uk/lithium-ion-battery-boxes/,oneillgmbh.co.uk,COMPETITOR,PRODUCT_PAGE,Lithium-ion Battery Boxes,False,O'Neill,106,0.081476,1.28
13,https://cellcycle.co.uk,cellcycle.co.uk,CORPORATE,HOMEPAGE,Cellcycle | Lithium Battery Recycling Services UK,False,,100,0.076864,1.09
14,https://www.gwp.co.uk/protective/aluminium-cases/lithium-battery-packaging/,gwp.co.uk,COMPETITOR,PRODUCT_PAGE,Lithium Battery Packaging | Zarges K470 battery box,False,"GWP, Zarges",96,0.073789,1.26
15,https://www.logbatt.com/disposal/,logbatt.com,OWN,HOW_TO_GUIDE,Lithium-ion battery disposal ✔ Professional & expert | LogBATT,True,LogBATT,96,0.073789,1.64
16,https://www.chemstore.co.uk/lithium-ion-battery-box/,chemstore.co.uk,COMPETITOR,PRODUCT_PAGE,Lithium Ion Battery Box - Battery Storage - Chemstore UK,False,Chemstore,94,0.072252,1.32
17,https://www.logbatt.com/transport-crates/,logbatt.com,OWN,PRODUCT_PAGE,Transport Crates for Lithium Batteries | LogBATT GmbH,True,LogBATT,88,0.06764,1.14
18,https://www.safelincs.co.uk/product/li-safe-battery-fire-protection-box?srsltid=AU7gw4XFSTxglFDdVNsSODtxXgUQQ6uoSu2Bq0MUknKg1ffZS2s-WwYE,safelincs.co.uk,COMPETITOR,OTHER,Lithium-Ion Battery Fire Protection Box - CEMO Li-SAFE,False,Safelincs,87,0.066872,1.52
19,https://www.biffa.co.uk/biffa-insights/what-to-do-with-damaged-lithium-batteries,biffa.co.uk,CORPORATE,HOW_TO_GUIDE,What to do with damaged lithium batteries - Biffa,False,,86,0.066103,1.12
20,https://www.zarges.com/uk/products/battery-case/battery-case-40582,zarges.com,COMPETITOR,PRODUCT_PAGE,Battery Case | Boxes | ZARGES - Innovations in aluminium,False,Zarges,85,0.065334,1.08
21,https://www.gov.uk/guidance/waste-batteries-appropriate-measures-for-permitted-facilities/3-waste-pre-acceptance-acceptance-and-tracking-appropriate-measures,gov.uk,INSTITUTIONAL,HOW_TO_GUIDE,"Waste batteries: appropriate measures for permitted facilities - 3. Waste pre-acceptance, acceptance and tracking appropriate measures - Guidance - GOV.UK",False,,83,0.063797,1.6
22,https://www.denios.co.uk/storage-process-technology/storage-and-test-rooms-for-lithium-ion-batteries/transport-and-quarantine-solutions/,denios.co.uk,COMPETITOR,PRODUCT_PAGE,Transport and Quarantine Solutions,False,DENIOS,81,0.06226,1.17
23,https://www.fortum.com/services/battery-recycling/end-of-life-services-for-lithium-ion-batteries,fortum.com,CORPORATE,PRODUCT_PAGE,End of life services for lithium-ion batteries | Fortum,False,,78,0.059954,1.51
24,https://www.logbatt.com/storage-containers/,logbatt.com,OWN,PRODUCT_PAGE,Storage Containers for Lithium-Ion Batteries | LogBATT GmbH,True,LogBATT,78,0.059954,1.24
25,https://www.logbatt.com/transport-crates/sale-of-storage-boxes-transport-boxes-hazardous-goods-containers/,logbatt.com,OWN,PRODUCT_PAGE,Buy secure containers for dangerous goods | LogBATT GmbH,True,LogBATT,71,0.054573,1.32
26,https://lithiumrec.co.uk/services,lithiumrec.co.uk,CORPORATE,PRODUCT_PAGE,Services – Lithiumrec Ltd.,False,,69,0.053036,1.42
27,https://www.adrcarriers.co.uk/lithium-battery-waste-courier,adrcarriers.co.uk,CORPORATE,PRODUCT_PAGE,Lithium Battery Waste ADR Courier | Dangerous & Hazardous Battery,False,,66,0.05073,1.09
28,https://www.zarges.com/en/solutions/transport-and-storage-of-lithium-ion-batteries-also-defective-or-damaged/,zarges.com,COMPETITOR,PRODUCT_PAGE,Transport and storage of lithium ion batteries. Also defective or damaged. - ZARGES,False,Zarges,66,0.05073,1.06
29,https://www.zargescases.co.uk/2022/01/transporting-lithium-ion-batteries/,zargescases.co.uk,CORPORATE,HOW_TO_GUIDE,Transporting Lithium-Ion Batteries - Zarges Cases,False,Zarges,56,0.043044,1.09
30,https://consult.environment-agency.gov.uk/environment-and-business/waste-batteries-appropriate-measures-for-permitted/supporting_documents/Waste%20batteries%20%20appropriate%20measures%20for%20permitted%20facilities%20guidance.pdf,environment-agency.gov.uk,INSTITUTIONAL,OTHER,,False,,55,0.042275,1.84
31,https://www.zarges.com/uk/products/battery-case,zarges.com,COMPETITOR,PRODUCT_PAGE,Battery Case | Boxes | ZARGES - Innovations in aluminium,False,Zarges,55,0.042275,1.07
32,https://www.airseadg.com/product/category/lithium-battery-packaging/damaged-defective-battery-shipping-boxes/,airseadg.com,COMPETITOR,CATEGORY_PAGE,Damaged & Defective Battery Shipping Boxes | Air Sea Containers,False,Air Sea Containers,54,0.041507,0.93
33,https://www.denios.co.uk/storage-process-technology/storage-and-test-rooms-for-lithium-ion-batteries/transport-and-quarantine-solutions/transport-box-xl/,denios.co.uk,COMPETITOR,PRODUCT_PAGE,Transport boxes – Lithium-ion battery transport box XL,False,DENIOS,54,0.041507,0.87
34,https://www.gov.uk/government/publications/mgn-550-mf-amendment-1-electrical-installations-guidance-for-safe-design-installation-and-operation-of-lithium-ion-batteries/mgn-550-mf-amendment-1-electrical-installations-guidance-for-safe-design-installation-and-operation-of-lithium-ion-batteries,gov.uk,INSTITUTIONAL,HOW_TO_GUIDE,"MGN 550 (M+F) Amendment 1: Electrical installations - guidance for safe design, installation and operation of lithium-ion batteries - GOV.UK",False,,53,0.040738,0.34
35,https://www.zargescases.co.uk/product/40583-battery-case-universal/,zargescases.co.uk,CORPORATE,PRODUCT_PAGE,40583 Battery Case Universal - Zarges Cases,False,Zarges,53,0.040738,0.91
36,https://pro-equip.co.uk/our-products,pro-equip.co.uk,CORPORATE,CATEGORY_PAGE,Our Products | Pro-Equip,False,,52,0.039969,1.27
37,https://www.denios.co.uk/consulting-planning/denios-magazine/lithium-batteries-lock-away-the-risk,denios.co.uk,COMPETITOR,ARTICLE,"Safely store, charge, transport and test lithium batteries",False,DENIOS,51,0.039201,0.76
38,https://batterysafesolutions.com/,batterysafesolutions.com,CORPORATE,HOMEPAGE,UN Accredited Lithium Battery Enclosures | Battery Safe Solutions,False,,50,0.038432,0.72
39,https://www.lagermax.com/en/services/battery-logistics,lagermax.com,UGC,PRODUCT_PAGE,LogBATT | Battery Logistics for Lithium-Ion Batteries,True,LogBATT,50,0.038432,2.88
40,https://www.reneos.eu,reneos.eu,CORPORATE,HOMEPAGE,Solutions for end-of-life Li-ion batteries | Reneos,False,,50,0.038432,1.2
41,https://recyclusgroup.com/waste,recyclusgroup.com,CORPORATE,PRODUCT_PAGE,Waste Sector | Lithium Ion Battery Recycling | Recyclus Group,False,,49,0.037663,1.33
42,https://conrail.co.uk/where-to-buy-lithium-battery-storage-containers-in-the-uk/,conrail.co.uk,CORPORATE,CATEGORY_PAGE,Where to Buy Lithium Battery Storage Containers UK - Conrail,False,,47,0.036126,0.09
43,https://ecobat.com/our-business/ecobat-solutions/lithium-services/,ecobat.com,CORPORATE,PRODUCT_PAGE,Lithium-Ion Recycling - Ecobat,False,,47,0.036126,1.19
44,https://reneos.eu/how-we-work,reneos.eu,CORPORATE,PRODUCT_PAGE,How we dispose of your li-ion battery in 3 easy steps | Reneos,False,,47,0.036126,1.45
45,https://www.vantagewastesolutions.com/services/batteries/adr-transportation,vantagewastesolutions.com,CORPORATE,PRODUCT_PAGE,ADR Battery Transportation Services UK | Vantage Waste Solutions,False,,45,0.034589,0.78
46,https://www.chemstore.co.uk/electrovault-lithium-ion-battery-storage/,chemstore.co.uk,COMPETITOR,PRODUCT_PAGE,Lithium-Ion Battery Storage - Electrovault - Chemstore UK,False,Chemstore,43,0.033051,0.88
47,https://www.gov.uk/government/publications/the-carriage-of-dangerous-goods-approved-derogations-and-transitional-provisions/carriage-of-dangerous-goods-approved-derogations-and-transitional-provisions,gov.uk,INSTITUTIONAL,OTHER,"Carriage of dangerous goods: approved derogations, transitional provisions and exceptions - GOV.UK",False,,43,0.033051,0.14
48,https://www.gov.uk/guidance/moving-dangerous-goods,www.gov.uk,INSTITUTIONAL,ARTICLE,Moving dangerous goods - GOV.UK,False,,42,0.032283,1.33
49,https://www.slickerrecycling.com/services/workshop-waste-collections/lithium-ion-batteries/,slickerrecycling.com,CORPORATE,PRODUCT_PAGE,Lithium-ion Battery Recycling | Slicker Recycling,False,,42,0.032283,1.02
50,https://www.zargescases.co.uk/product/40582/,zargescases.co.uk,CORPORATE,PRODUCT_PAGE,40582 battery box - Zarges Cases,False,Zarges,42,0.032283,0.5
51,https://enva.com/what-we-do/projects-innovation/battery-safe-box/,enva.com,CORPORATE,PRODUCT_PAGE,Battery Safe Box,False,,41,0.031514,1.49
52,https://www.gov.uk/shipping-dangerous-goods/packaging,www.gov.uk,INSTITUTIONAL,HOW_TO_GUIDE,Shipping dangerous goods: Packaging - GOV.UK,False,,41,0.031514,0.73
53,https://www.lithiumbatteryrecycling.co.uk/services,lithiumbatteryrecycling.co.uk,CORPORATE,PRODUCT_PAGE,Services — Lithium Battery Recycling Solutions,False,,41,0.031514,0.61
54,https://titancontainers.co.uk/containers/container-hire/battery-storage,titancontainers.co.uk,CORPORATE,PRODUCT_PAGE,Battery Storage Containers for Hire 2026,False,GWP,41,0.031514,1.27
55,https://www.cellcycle.co.uk/lithium-battery-disposal-rapid-response-across-the-uk,cellcycle.co.uk,CORPORATE,PRODUCT_PAGE,Lithium Battery Disposal & Rapid Response Across the UK,False,,39,0.029977,1.23
56,https://cellcycle.co.uk/lithium-battery-disposal-when-the-battery-is-damaged-or-unsafe/,cellcycle.co.uk,CORPORATE,HOW_TO_GUIDE,Lithium Battery Disposal When the Battery Is Damaged or Unsafe,False,,39,0.029977,1.23
57,https://www.gov.uk/government/publications/carriage-of-dangerous-goods-guidance-note-22/packaging-of-dangerous-goods-for-carriage,www.gov.uk,INSTITUTIONAL,HOW_TO_GUIDE,Packaging of dangerous goods for carriage - GOV.UK,False,,39,0.029977,0.36
58,https://www.tri-wall.co.uk/services/un-dangerous-goods,tri-wall.co.uk,CORPORATE,PRODUCT_PAGE,UN Dangerous Goods – Certified Packaging & Testing Services | Tri-Wall UK,False,,39,0.029977,0.72
59,https://www.gov.uk/government/publications/carriage-of-dangerous-goods-guidance-note-26/transporting-small-mixed-waste-electrical-equipment,gov.uk,INSTITUTIONAL,HOW_TO_GUIDE,Transporting small mixed waste electrical equipment - GOV.UK,False,,36,0.027671,0.08
60,https://www.lagermax.com/en/services/battery-logistics/storage-containers,lagermax.com,UGC,PRODUCT_PAGE,LogBATT | Hazardous Materials Containers for Storing Lithium Batteries,True,LogBATT,36,0.027671,1.11
61,https://thetankshop.co.uk/products/lithium-battery-transport-container-un-certified,thetankshop.co.uk,CORPORATE,PRODUCT_PAGE,Lithium Battery Transport Container - UN Certified,False,,36,0.027671,1.22
62,https://www.gov.uk/guidance/waste-batteries-appropriate-measures-for-permitted-facilities/5-waste-treatment-appropriate-measures,gov.uk,INSTITUTIONAL,HOW_TO_GUIDE,Waste batteries: appropriate measures for permitted facilities - 5. Waste treatment appropriate measures - Guidance - GOV.UK,False,,35,0.026902,0.2
63,https://www.lithiumbatteryrecycling.co.uk/,lithiumbatteryrecycling.co.uk,CORPORATE,HOMEPAGE,Lithium Battery Recycling Solutions,False,,35,0.026902,0.94
64,https://thetankshop.co.uk/products/cemo-li-safe-2-s-battery-fire-protection-box-compact-safety-storage-transport,thetankshop.co.uk,CORPORATE,PRODUCT_PAGE,Cemo Li-SAFE 2-S Battery Fire Protection Box – Compact Safety Storage,False,,35,0.026902,1.37
65,https://www.youtube.com/watch?v=GdSlEOukMRQ,youtube.com,UGC,PRODUCT_PAGE,Safe Transport of Critically Damaged Lithium Batteries–Lithium-Ion Battery Transport Box XL | DENIOS,False,DENIOS,35,0.026902,1.0
66,https://www.lion-care.com/en/Products/Transportation/Transport-boxes/,lion-care.com,CORPORATE,PRODUCT_PAGE,Certified transport containers for batteries | LionCare,True,"Buncker, GelKoh, Genius, LogBATT, mts, Paul Müller, Zarges",34,0.026134,1.24
67,"https://www.sjonescontainers.co.uk/container-conversions/battery-storage-and-testing-units/#:~:text=Unlike%20off%2Dthe%2Dshelf%20alternatives%2C%20our%20container%20conversions%20are,Discuss%20your%20project%20with%20our%20award%2Dwinning%20team.",sjonescontainers.co.uk,CORPORATE,PRODUCT_PAGE,Battery Storage Shipping Containers | S Jones Containers,False,,34,0.026134,0.94
68,https://www.cemo-group.com/industry-overview/industry/storage-of-hazardous-substances/battery-system-fire-protection-box,cemo-group.com,CORPORATE,PRODUCT_PAGE,Battery system fire protection box | CEMO,False,,33,0.025365,1.12
69,https://gapgroupuk.com/services/battery-recycling,gapgroupuk.com,CORPORATE,PRODUCT_PAGE,Battery Recycling Services | Compliant Battery Disposal | GAP Group,False,,33,0.025365,0.24
70,https://www.gov.uk/guidance/waste-batteries-appropriate-measures-for-permitted-facilities/2-general-management-appropriate-measures,gov.uk,INSTITUTIONAL,HOW_TO_GUIDE,Waste batteries: appropriate measures for permitted facilities - 2. General management appropriate measures - Guidance - GOV.UK,False,,33,0.025365,0.06
71,https://www.logbatt.com/logistics/,logbatt.com,OWN,PRODUCT_PAGE,Logistics for Lithium-Ion Batteries | LogBATT GmbH,True,LogBATT,33,0.025365,1.45
72,https://orbiseurope.eu/en/lithium-battery-packaging/,orbiseurope.eu,CORPORATE,PRODUCT_PAGE,IonPak® UN-Approved Lithium Ion Battery Packaging | ORBIS,False,,33,0.025365,1.33
73,https://berlinpackaging.eu/en-international/markets/dangerous-goods/packaging/un-approved-lithium-battery-packaging,berlinpackaging.eu,CORPORATE,PRODUCT_PAGE,UN-Approved LITHIUM BATTERY PACKAGING | Berlin Packaging,False,Buncker,32,0.024596,1.31
74,https://ecolamp.co.uk/lithium-ion-storage-box,ecolamp.co.uk,CORPORATE,PRODUCT_PAGE,Safe Lithium-ion Storage Box,False,,32,0.024596,1.22
75,https://humanfocus.co.uk/blog/how-to-ensure-safe-lithium-ion-battery-storage/,humanfocus.co.uk,CORPORATE,HOW_TO_GUIDE,How to Ensure Safe Lithium Ion Battery Storage,False,,30,0.023059,1.43
76,https://www.nlwa.gov.uk/whatcanwerecycle/lithium-ion-batteries,nlwa.gov.uk,INSTITUTIONAL,HOW_TO_GUIDE,Lithium-ion batteries | NLWA,False,,30,0.023059,0.43
77,https://recyclusgroup.com/portables/,recyclusgroup.com,CORPORATE,PRODUCT_PAGE,Portables - Recyclus Group | The UK’s First Industrial Scale Lithium-Ion Battery Recyclers,False,,30,0.023059,0.7
78,https://www.dhl.com/discover/en-global/logistics-advice/import-export-advice/how-to-ship-batteries,dhl.com,CORPORATE,HOW_TO_GUIDE,How to Ship Lithium Batteries & Regulations You Need to Know | DHL Global,False,,29,0.022291,0.93
79,https://www.reddit.com/r/Tools/comments/1fiegb7/lithium_battery_storage_suggestions/,reddit.com,UGC,DISCUSSION,Lithium Battery Storage Suggestions?,False,,29,0.022291,1.03
80,https://www.zarges.com/uk/company/press/news/clever-universal-solution-for-transporting-lithium-ion-batteries-at-risk-of-fire-1/,zarges.com,COMPETITOR,ARTICLE,Clever universal solution for transporting lithium-ion batteries at risk of fire - ZARGES,False,Zarges,29,0.022291,1.28
81,https://www.vehicle-certification-agency.gov.uk/dangerous-goods/dangerous-goods-packaging/packaging-approvals-database/,vehicle-certification-agency.gov.uk,INSTITUTIONAL,CATEGORY_PAGE,Packaging Approvals Database | Vehicle Certification Agency,False,,28,0.021522,0.96
82,https://wastecollection.veolia.co.uk/our-services/hazardous-waste/batteries,veolia.co.uk,CORPORATE,OTHER,,False,,28,0.021522,1.0
83,https://www.airseadg.com/products/,airseadg.com,COMPETITOR,PRODUCT_PAGE,Dangerous Goods Packaging | Compliant Solutions | Air Sea Containers,False,Air Sea Containers,27,0.020753,1.19
84,https://www.challengepackaging.co.uk/cardboard-boxes/un-certified-boxes/,challengepackaging.co.uk,CORPORATE,CATEGORY_PAGE,UN Certified Boxes | UN Certified Cardboard Box Suppliers | Challenge Packaging,False,,27,0.020753,0.74
85,https://www.safe.co.uk/Categories/secure-storage-for-lithium-batteries/1.html,safe.co.uk,CORPORATE,CATEGORY_PAGE,Lithium Ion Battery Storage Containers - Fireproof - Safe,False,,27,0.020753,1.11
86,https://www.airseadg.com/product/4g-un-fibreboard-box-for-lithium-batteries,airseadg.com,COMPETITOR,PRODUCT_PAGE,UN Fibreboard Box for Lithium Batteries 4G/X13/S | Air Sea Containers,False,Air Sea Containers,26,0.019985,1.65
87,https://www.gov.uk/guidance/consumer-products-recycling-batteries-and-electrical-waste,www.gov.uk,INSTITUTIONAL,HOW_TO_GUIDE,Consumer products: recycling batteries and electrical waste - GOV.UK,False,,26,0.019985,0.92
88,https://www.logbatt.com/,logbatt.com,OWN,HOMEPAGE,Comprehensive solution for battery logistics | LogBATT GmbH,True,LogBATT,26,0.019985,0.88
89,https://www.unimac.co.uk/products/li-safe-fire-protection-box-11564,unimac.co.uk,CORPORATE,CATEGORY_PAGE,Buy Li-Safe Fire Protection Box - 11564 | Waste Material Collection Boxes Li-Safe Fire Protection Box - 11564 | Unimac,False,,26,0.019985,1.23
90,https://www.airseadg.com/sending-lithium-batteries/,airseadg.com,COMPETITOR,PRODUCT_PAGE,Packaging for lithium batteries | Dangerous Goods | Air Sea Containers,False,Air Sea Containers,25,0.019216,0.52
91,https://www.gov.uk/guidance/waste-batteries-treat-recycle-and-export,www.gov.uk,INSTITUTIONAL,HOW_TO_GUIDE,"Waste batteries: treat, recycle and export - GOV.UK",False,,25,0.019216,1.08
92,https://www.lion-care.com/en/Products/Storage/Storage-boxes/,lion-care.com,CORPORATE,LISTICLE,Secure storage boxes for lithium batteries | LionCare,True,"Buncker, GelKoh, Genius, LogBATT, Zarges",25,0.019216,1.56
93,https://recyclusgroup.com/,recyclusgroup.com,CORPORATE,HOMEPAGE,Recyclus Group | UK Industrial Scale Lithium-Ion Battery Recyclers,False,,25,0.019216,1.16
94,https://www.reddit.com/r/AskUK/comments/1blukhz/is_there_anyway_to_return_a_lithium_battery_which/,reddit.com,UGC,DISCUSSION,Is there anyway to return a lithium battery? which courier can I use?,False,,25,0.019216,0.96
95,https://berlinpackaging.eu/en-international/markets/dangerous-goods/lithium-battery-packaging,berlinpackaging.eu,CORPORATE,PRODUCT_PAGE,Lithium Battery Packaging - Dangerous Goods - Collections | Berlin Packaging,False,Buncker,24,0.018447,1.13
96,https://www.businesswaste.co.uk/your-waste/battery-recycling/lithium-battery-recycling/,businesswaste.co.uk,CORPORATE,PRODUCT_PAGE,Lithium Battery Recycling & Disposal UK | Business Waste,False,,24,0.018447,0.71
97,https://www.gov.uk/shipping-dangerous-goods/transporting-limited-quantities,www.gov.uk,INSTITUTIONAL,HOW_TO_GUIDE,Shipping dangerous goods: Transporting limited quantities - GOV.UK,False,,24,0.018447,0.0
98,https://www.wmfs.net/faqs/where-can-i-dispose-of-lithium-ion-batteries/,wmfs.net,INSTITUTIONAL,HOW_TO_GUIDE,Where can I dispose of lithium-ion batteries? - West Midlands Fire Service,False,,24,0.018447,1.04
99,https://batterynetwork.org/locator/,batterynetwork.org,INSTITUTIONAL,PROFILE,Drop-off Locations - The Battery Network,False,,23,0.017679,1.13
100,https://envirocraft.co.uk/news/how-to-store-dispose-of-damaged-lithium-batteries/,envirocraft.co.uk,CORPORATE,HOW_TO_GUIDE,How to Store & Dispose of Damaged Lithium Batteries • EnviroCraft,False,,23,0.017679,0.96
